nazwa_pliku,waga_kb,szerokosc,wysokosc,proporcje,jasnosc,kolor_R,kolor_G,kolor_B
008ac9af9d.jpg,41.74,700,534,1.31,167.32,214,188,181
01020c0554.jpg,38.03,525,680,0.77,69.74,19,28,43
0149450f2c.jpg,129.59,1920,1772,1.08,32.28,15,17,15
014e0f70fe.jpg,30.85,750,706,1.06,35.9,30,21,18
01a183c932.jpg,249.46,1073,991,1.08,128.26,58,41,41
01c1855fc6.jpg,344.98,1080,1058,1.02,171.74,210,205,189
01efc9cecc.jpg,62.29,600,1110,0.54,106.7,227,226,226
027bf61bc7.jpg,84.8,974,1358,0.72,114.43,56,53,60
028f98a8eb.jpg,320.74,1078,1007,1.07,55.47,44,39,61
02967a519d.jpg,72.76,1080,1080,1.0,52.03,30,28,25
02cf038e05.jpg,94.7,1080,1123,0.96,63.17,41,32,39
031d73d020.jpg,27.03,790,668,1.18,51.84,50,43,23
03202d8ade.jpg,396.3,1080,1080,1.0,86.67,46,45,42
0335a12361.jpg,35.5,451,692,0.65,80.41,54,51,49
0358736de2.jpg,27.76,562,610,0.92,37.0,32,28,28
03c21fdda3.jpg,100.73,1080,1055,1.02,75.63,42,36,25
041f2d1e26.jpg,64.36,1080,940,1.15,88.49,56,45,40
0424510c43.jpg,42.96,736,705,1.04,53.53,33,25,30
0429cd183a.jpg,56.29,888,960,0.93,75.16,28,24,20
044330bb28.jpg,88.59,1080,1245,0.87,120.15,104,92,121
0490b40499.jpg,53.84,960,758,1.27,92.42,195,123,83
0496161730.jpg,20.75,640,499,1.28,152.7,115,100,103
051b18cc77.jpg,43.03,802,864,0.93,125.68,214,208,200
05bdf6d8c4.jpg,493.07,1080,1058,1.02,112.17,111,121,105
05f0782aeb.jpg,39.77,720,595,1.21,163.91,49,56,59
065e818b16.jpg,438.66,1080,1047,1.03,209.49,213,220,217
0670a69643.jpg,53.38,698,756,0.92,59.47,47,37,40
069e55fd7a.jpg,48.94,640,782,0.82,84.66,192,188,178
06bfb12cd6.jpg,84.08,1080,1186,0.91,61.11,37,22,25
078af62fe1.jpg,43.22,1080,636,1.7,200.11,220,183,164
07c22ff9cc.jpg,91.59,1080,1051,1.03,91.35,57,54,36
07c426959b.jpg,125.19,1080,1629,0.66,88.61,212,144,120
07ceb394b2.jpg,321.27,1078,1070,1.01,114.56,154,143,149
07d78572f8.jpg,46.06,1080,949,1.14,226.25,147,79,88
07e2df1e3b.jpg,48.11,916,741,1.24,135.29,194,180,171
07f5ecc556.jpg,468.23,1080,1071,1.01,77.9,49,49,42
0813444907.jpg,0.0,0,0,0.0,0.0,0,0,0
086d9910d7.jpg,30.68,665,666,1.0,53.96,165,170,159
087ff277f2.jpg,358.12,1080,1284,0.84,89.25,45,22,15
08d5db810f.jpg,435.95,1079,1034,1.04,97.53,123,88,40
08d76f6841.jpg,135.74,749,1011,0.74,118.07,36,65,83
08f9c74106.jpg,31.26,720,726,0.99,84.89,115,72,44
0911f21b08.jpg,36.2,800,995,0.8,77.89,172,156,137
09413ad3e6.jpg,362.73,1080,1081,1.0,162.28,200,183,169
094d2dc146.jpg,131.29,1080,1358,0.8,81.63,224,175,117
097063d16d.jpg,915.64,1080,1518,0.71,111.43,148,143,125
09eaac4687.jpg,114.99,1179,1364,0.86,104.73,162,162,163
0a22d2a862.jpg,28.87,626,626,1.0,225.04,235,235,235
0a3b18af99.jpg,116.11,1080,1350,0.8,116.74,137,127,92
0a68153a88.jpg,44.44,720,845,0.85,120.38,55,49,45
0aa42a53a6.jpg,40.85,571,960,0.59,92.51,47,31,28
0aeb8593c5.jpg,40.51,900,450,2.0,81.35,196,180,164
0b397d4f53.jpg,354.39,1080,1049,1.03,127.36,58,52,52
0bcb24679b.jpg,33.96,1080,1012,1.07,152.16,96,127,223
0c1bbda72f.jpg,77.51,1019,880,1.16,116.39,45,32,48
0c3268a232.jpg,38.14,720,578,1.25,159.6,63,68,65
0c4a90408c.jpg,45.23,937,960,0.98,115.8,59,42,40
0ca777018c.jpg,34.01,1069,808,1.32,63.14,62,51,44
0cbd5a0b55.jpg,319.86,1080,638,1.69,143.88,150,138,140
0ce9bc98d8.jpg,65.12,1080,717,1.51,235.79,239,238,239
0d386c1390.jpg,38.02,563,422,1.33,95.01,56,54,47
0e3b6d2172.jpg,253.69,853,805,1.06,106.53,68,69,94
0e594b25c8.jpg,89.54,1080,1080,1.0,164.83,45,68,96
0e5a31f5f5.jpg,25.91,554,554,1.0,179.96,81,132,153
0e5deea4c2.jpg,86.15,1080,1077,1.0,181.77,205,198,196
0e9a15ee2a.jpg,357.81,1080,1057,1.02,120.7,60,95,115
0ec45140c0.jpg,40.37,518,600,0.86,122.55,68,57,50
0f325acab1.jpg,319.34,1069,954,1.12,71.02,198,178,177
0f75891840.jpg,125.76,1078,783,1.38,81.88,67,58,44
0fba7fbc71.jpg,499.15,1080,1267,0.85,207.88,234,213,62
0fc0d92131.jpg,429.21,1080,1081,1.0,80.12,44,31,24
0fecd7be9a.jpg,466.18,1080,1511,0.71,93.61,187,178,185
0ff9e85e0c.jpg,403.65,1080,694,1.56,181.41,197,212,220
112d00d756.jpg,58.29,641,1365,0.47,66.17,62,58,59
1143f39d06.jpg,724.3,1080,1307,0.83,128.22,151,119,85
1286aa87cb.jpg,28.28,596,709,0.84,65.31,42,37,38
128ff7b5ed.jpg,27.75,478,598,0.8,73.39,107,78,52
129d686c25.jpg,199.58,1080,1294,0.83,44.15,35,31,25
12f854d1db.jpg,532.82,1080,1557,0.69,142.11,216,203,194
131f8a66da.jpg,332.07,1080,1338,0.81,119.55,151,163,187
13a0917bf7.jpg,72.35,860,896,0.96,166.99,196,150,112
13bae21eec.jpg,27.54,700,583,1.2,58.06,45,36,43
1425bcd222.jpg,0.0,0,0,0.0,0.0,0,0,0
153f736fa5.jpg,364.98,1080,1209,0.89,81.38,33,34,36
155dc5c339.jpg,53.96,600,1068,0.56,218.27,210,202,198
1573968d00.jpg,52.9,700,931,0.75,114.51,50,44,34
15b8cb890f.jpg,326.04,1080,589,1.83,114.06,209,187,136
15bb6d167d.jpg,396.13,952,1273,0.75,101.43,202,178,172
15c89fcb80.jpg,68.07,1080,1080,1.0,57.94,196,174,170
15c8a8a36b.jpg,126.33,1080,1079,1.0,115.8,61,62,67
15ef4ecc76.jpg,44.42,1080,1036,1.04,157.33,211,183,177
160151ebcc.jpg,0.0,0,0,0.0,0.0,0,0,0
162b36d4d2.jpg,45.63,960,585,1.64,133.72,36,22,13
1676c12a6a.jpg,329.64,1080,1063,1.02,177.74,205,43,13
17a16e1bb7.jpg,250.11,1080,946,1.14,160.57,185,197,203
17add738ed.jpg,335.27,1080,1336,0.81,203.84,117,65,39
17e5354165.jpg,64.67,640,480,1.33,91.42,64,72,71
181f7177be.jpg,256.12,1080,969,1.11,220.82,221,213,191
18df70f276.jpg,24.45,642,461,1.39,107.84,30,19,9
195b1d8f72.jpg,29.0,600,498,1.2,158.55,197,179,168
197b49dfc2.jpg,421.13,934,944,0.99,83.64,65,44,29
19ff4c80e5.jpg,76.68,830,1038,0.8,44.73,17,19,14
1a40287761.jpg,368.21,1080,892,1.21,65.16,27,22,18
1a6fd9c1d6.jpg,573.55,1080,1274,0.85,131.19,211,201,194
1aa32a4ec5.jpg,44.44,474,708,0.67,93.95,114,106,98
1ae9c2dfa8.jpg,69.43,720,894,0.81,158.26,24,25,36
1b164dd541.jpg,35.4,720,514,1.4,97.88,39,23,22
1b1d686fb2.jpg,135.2,1080,743,1.45,73.87,31,20,16
1b9bc9b6cc.jpg,48.77,1080,1080,1.0,164.66,57,56,50
1bd01621aa.jpg,513.62,1080,1198,0.9,133.7,51,84,117
1beef120b3.jpg,32.25,560,450,1.24,130.61,59,55,57
1c493e5885.jpg,31.4,828,876,0.95,162.88,198,65,92
1c92f55a86.jpg,315.27,1080,606,1.78,85.52,96,69,45
1da5bc8731.jpg,44.85,595,573,1.04,124.39,79,68,77
1dc86297b6.jpg,89.95,872,1090,0.8,155.87,200,156,190
1dcfeef74e.jpg,17.62,666,667,1.0,13.96,13,12,12
1dd3aa5e61.jpg,77.83,927,960,0.97,165.42,54,49,53
1e0c7996f7.jpg,59.01,640,900,0.71,183.0,171,174,217
1e37682f18.jpg,48.92,960,960,1.0,176.16,224,201,212
1ef23cdf30.jpg,58.75,1080,945,1.14,65.18,41,28,28
1ef4822084.jpg,336.96,1080,1054,1.02,173.46,175,153,171
1ef6a08116.jpg,343.0,1080,1095,0.99,73.83,36,25,18
1f1aff5e0e.jpg,135.87,1080,1531,0.71,118.45,145,144,129
1f63a23e96.jpg,381.62,1080,1117,0.97,95.03,28,33,26
1f77a23cfc.jpg,374.53,1080,1193,0.91,117.41,176,130,113
20307d9d3e.jpg,27.56,638,577,1.11,93.74,48,37,29
203b7fd63e.jpg,606.21,1080,1074,1.01,56.89,37,32,24
2042ad535f.jpg,378.52,1074,844,1.27,194.02,232,220,212
20fd639619.jpg,273.18,1080,753,1.43,167.48,42,19,16
215c4bdc63.jpg,354.07,1080,1121,0.96,138.98,178,190,187
21e9925f21.jpg,12.45,324,406,0.8,124.4,199,191,183
2409a5e7de.jpg,130.04,1080,766,1.41,37.16,19,15,17
2468c63c58.jpg,38.99,1080,994,1.09,28.85,17,17,17
24844b0b4d.jpg,119.74,1080,1211,0.89,83.81,43,39,41
24d2870ead.jpg,29.92,390,466,0.84,50.32,30,26,31
24d9ffe778.jpg,28.91,801,750,1.07,213.54,240,239,240
24f6c7877d.jpg,33.16,960,696,1.38,111.53,77,55,51
256ae7a278.jpg,196.58,1080,1057,1.02,174.92,143,131,126
25a7b137c5.jpg,423.9,1080,1027,1.05,154.26,163,144,125
25e249833e.jpg,569.54,1080,1332,0.81,94.56,48,44,41
262962761f.jpg,319.54,1080,882,1.22,140.82,244,237,234
2681084c76.jpg,524.26,1080,1067,1.01,70.95,63,33,86
268429366c.jpg,76.15,1080,841,1.28,121.61,54,47,44
27c0273601.jpg,293.9,1080,1023,1.06,135.2,232,217,218
283314e664.jpg,18.79,960,960,1.0,237.01,30,28,25
287a141198.jpg,24.48,500,688,0.73,61.2,187,172,168
28fa118b41.jpg,283.63,1080,873,1.24,144.23,39,25,16
297c183af7.jpg,45.86,660,661,1.0,68.78,50,34,39
297fe5287a.jpg,57.01,960,958,1.0,179.85,48,47,46
299479d914.jpg,479.64,1080,1545,0.7,114.87,223,223,223
29e6bb50d4.jpg,26.68,665,666,1.0,93.0,215,193,185
2a0ac6ea55.jpg,29.06,480,393,1.22,102.57,56,58,50
2a3d5d6424.jpg,70.85,866,1080,0.8,93.69,57,51,54
2aa3624fe5.jpg,239.64,1080,631,1.71,69.96,36,38,37
2b1407ec7c.jpg,422.09,1080,710,1.52,112.41,207,191,158
2b2479d500.jpg,27.03,587,616,0.95,66.49,196,163,149
2b537a23d5.jpg,33.88,564,564,1.0,71.37,34,36,33
2b7d440fee.jpg,76.32,1080,1111,0.97,70.03,54,54,76
2baa65f6ed.jpg,79.18,858,960,0.89,167.17,141,134,129
2bf483fc6b.jpg,342.07,1080,1060,1.02,188.3,65,50,43
2c1ba02296.jpg,390.77,1080,1055,1.02,120.15,201,185,176
2c4f8c4c9a.jpg,17.08,512,288,1.78,192.41,209,197,193
2c929ee935.jpg,67.35,600,862,0.7,90.94,207,196,183
2cbe3af28c.jpg,35.96,600,530,1.13,85.64,28,26,26
2cf7c30306.jpg,516.53,1080,1325,0.82,71.82,68,55,39
2d30505224.jpg,72.07,1080,1343,0.8,78.56,47,23,12
2d3a172f16.jpg,365.73,1080,1070,1.01,147.82,57,51,40
2d3cdb9ad2.jpg,652.97,1080,1201,0.9,82.12,40,32,24
2d6e438dcb.jpg,97.1,1080,1080,1.0,171.97,218,214,209
2d93829a1b.jpg,457.27,1080,1037,1.04,169.01,221,162,145
2dc062998b.jpg,32.34,500,600,0.83,71.24,42,34,29
2e4874a285.jpg,62.15,536,934,0.57,115.07,122,114,89
2e6aa9d190.jpg,35.13,843,814,1.04,155.46,150,160,170
2e9b0a6915.jpg,42.31,665,906,0.73,120.19,138,99,109
2ea257f6b2.jpg,198.56,636,597,1.07,86.94,45,44,34
2ee4222eea.jpg,109.74,1080,1027,1.05,111.52,131,87,60
2f1fb11d0b.jpg,33.91,552,515,1.07,108.63,204,185,170
2f60c6731f.jpg,16.0,460,461,1.0,166.29,44,33,65
2f65a5f62f.jpg,13.89,480,480,1.0,30.17,31,23,21
2fd5a439c3.jpg,69.74,1080,1080,1.0,73.91,35,40,59
300fdd9c80.jpg,440.62,1080,1075,1.0,169.47,177,146,135
310e587052.jpg,38.34,680,677,1.0,81.36,62,33,34
3122e5d326.jpg,41.99,564,696,0.81,168.18,213,206,187
313d6e321f.jpg,268.95,985,937,1.05,116.07,42,45,45
31abc9db9d.jpg,522.81,1080,1042,1.04,120.58,63,49,40
32a53ec510.jpg,60.78,700,998,0.7,91.43,38,35,23
330ec197ad.jpg,183.26,1080,745,1.45,223.79,190,168,118
332f8b0741.jpg,76.43,769,960,0.8,106.11,212,153,91
3376393274.jpg,15.66,516,413,1.25,29.64,25,15,13
339216f41a.jpg,63.43,794,693,1.15,163.62,203,196,170
33b0a80377.jpg,81.4,1080,1079,1.0,135.18,203,198,189
341cbfc9b0.jpg,323.82,1080,1045,1.03,182.68,183,175,188
343b228cab.jpg,21.32,563,465,1.21,130.12,136,87,89
34453d125c.jpg,609.19,1080,1057,1.02,120.16,66,74,59
34c4ce78cd.jpg,61.05,960,849,1.13,139.86,146,142,86
350bf6874d.jpg,63.61,950,845,1.12,202.97,235,231,234
350d18041c.jpg,500.93,1080,1286,0.84,90.54,21,18,22
354d00bef5.jpg,75.85,600,1343,0.45,79.91,71,64,61
3573975336.jpg,36.2,642,657,0.98,229.05,158,144,119
36163390b9.jpg,63.44,717,1185,0.61,162.6,217,211,214
36260fed39.jpg,664.66,760,760,1.0,129.14,90,153,177
362b80225c.jpg,62.06,817,960,0.85,38.53,27,17,10
364e655013.jpg,75.5,1080,1003,1.08,69.46,57,44,34
3650a62eb9.jpg,69.69,998,1324,0.75,82.64,47,28,15
36546e4346.jpg,168.3,750,723,1.04,71.71,53,47,39
368977f68b.jpg,52.9,784,960,0.82,67.18,61,40,31
36aea13d57.jpg,612.68,1077,1078,1.0,143.16,150,128,102
36e11901cc.jpg,56.58,1080,1035,1.04,69.44,203,175,137
374a6d550e.jpg,130.68,1080,1335,0.81,84.08,34,42,57
3755f8e576.jpg,301.17,1080,1064,1.02,198.37,56,58,69
375ecc3332.jpg,68.57,960,934,1.03,69.43,52,50,44
379d94978b.jpg,313.58,1080,1067,1.01,108.65,111,71,42
380f6ba0b4.jpg,354.04,1079,1488,0.73,183.08,62,57,56
38ed512981.jpg,0.0,0,0,0.0,0.0,0,0,0
38f26791f0.jpg,16.26,600,254,2.36,115.88,114,66,34
394ca5fb8f.jpg,222.24,679,686,0.99,145.97,205,209,216
3973345695.jpg,58.1,1080,750,1.44,51.79,50,33,19
39b1afc19c.jpg,58.17,1080,1080,1.0,130.46,48,48,49
39b28e14c9.jpg,62.76,1080,821,1.32,100.45,34,35,36
39e14f8bb3.jpg,65.1,776,960,0.81,129.67,184,176,181
3a628129fb.jpg,58.66,1080,1036,1.04,111.7,199,197,196
3ac3a81ae5.jpg,66.26,1080,1325,0.82,124.92,25,32,76
3b835b278b.jpg,93.25,1080,1440,0.75,106.94,53,44,39
3baf4c8c68.jpg,108.49,1080,1350,0.8,70.72,39,42,36
3c06985343.jpg,37.85,1080,1080,1.0,134.83,41,32,26
3c26394307.jpg,402.49,1080,1024,1.05,48.66,183,155,125
3c44055399.jpg,44.1,1080,777,1.39,65.03,28,20,15
3c9805cda0.jpg,67.38,540,960,0.56,80.36,47,40,43
3d1c641cca.jpg,42.24,945,813,1.16,228.62,228,109,74
3d2030ad88.jpg,58.07,574,724,0.79,93.29,75,75,62
3d7a4065e1.jpg,273.55,720,1047,0.69,151.94,134,161,167
3d7ec5de46.jpg,41.55,716,716,1.0,144.8,71,62,48
3da97b99fa.jpg,264.43,620,416,1.49,69.22,190,144,110
3dbeffa10e.jpg,75.52,1080,1307,0.83,137.51,129,140,172
3e34207f76.jpg,64.8,1080,1080,1.0,65.71,28,34,50
3e9426ff1e.jpg,357.63,1080,1049,1.03,131.01,164,139,126
3ecb1a4a63.jpg,463.99,1080,1056,1.02,144.94,140,157,169
3eec15726d.jpg,403.86,1080,1023,1.06,70.85,38,46,45
3f1d14bdf1.jpg,113.93,1080,1080,1.0,149.36,194,183,175
3f1d7d0b1c.jpg,39.14,1080,990,1.09,28.19,17,17,17
3f1ef7c8bf.jpg,381.16,1080,1037,1.04,122.15,208,207,209
3feab718fd.jpg,495.68,1080,1028,1.05,72.87,22,57,19
4000c261aa.jpg,394.09,1080,1059,1.02,95.88,29,55,30
40c0dab142.jpg,42.75,720,656,1.1,60.36,38,34,33
40d6890ac1.jpg,92.42,686,1129,0.61,158.84,227,224,223
4101d676a4.jpg,514.69,1080,1067,1.01,95.58,55,38,35
4108973f86.jpg,45.79,540,617,0.88,75.56,46,35,31
4111c1a058.jpg,43.06,960,796,1.21,114.68,53,57,57
416519a3ae.jpg,31.6,1080,870,1.24,82.19,35,34,32
418ecc5971.jpg,462.12,1080,1023,1.06,172.51,201,201,204
41bb7ffca4.jpg,50.76,698,960,0.73,162.16,163,136,110
41ce31bee5.jpg,327.72,1125,1031,1.09,89.24,131,86,76
41d3d22141.jpg,3558.13,3000,4000,0.75,143.47,139,106,65
4203ece517.jpg,422.93,1080,1274,0.85,91.72,51,37,39
4218395ecc.jpg,437.04,2400,1080,2.22,76.99,39,40,39
421f49d0c2.jpg,81.67,716,844,0.85,95.73,70,68,59
425a7003ae.jpg,21.17,564,372,1.52,81.36,205,169,114
426374207e.jpg,227.58,786,1087,0.72,114.25,64,65,67
42cabaab0d.jpg,145.24,1080,1063,1.02,163.59,143,128,110
4329eb0875.jpg,56.26,1080,1385,0.78,69.76,211,159,93
43a8e407ac.jpg,30.97,720,721,1.0,168.88,225,170,195
43f68fc6b6.jpg,51.01,720,847,0.85,90.32,98,91,77
443a9e0eb9.jpg,102.79,1024,1024,1.0,103.29,61,52,50
446065fda6.jpg,399.85,1080,1089,0.99,191.94,200,199,200
455c243a60.jpg,36.07,500,751,0.67,56.81,37,30,32
4582d97238.jpg,494.5,1080,1300,0.83,42.24,40,24,17
45ad39dd5e.jpg,57.2,960,960,1.0,112.18,74,66,56
45b029271b.jpg,325.59,1080,1270,0.85,103.28,70,61,54
45bcb574d3.jpg,47.72,626,960,0.65,52.58,17,47,59
4646f54db7.jpg,121.04,1284,1270,1.01,147.19,198,190,208
464e412160.jpg,88.19,1080,1081,1.0,112.22,81,53,27
46635b41aa.jpg,184.28,1080,964,1.12,158.79,158,158,158
4680375dd2.jpg,352.29,1080,956,1.13,154.68,61,57,56
4695393ffd.jpg,65.28,1080,1080,1.0,41.78,29,33,37
46aa2d7424.jpg,27.1,610,468,1.3,43.5,25,23,32
46c4380bf7.jpg,582.89,1080,1311,0.82,75.96,47,88,101
46d87016b8.jpg,244.41,572,571,1.0,112.94,45,33,19
4737d028cc.jpg,339.54,1080,1184,0.91,43.24,177,145,126
478c0e3c3d.jpg,273.11,1080,1198,0.9,57.78,35,34,31
4802bbb54e.jpg,31.18,700,700,1.0,147.72,224,225,197
481aa4f7f5.jpg,192.42,552,497,1.11,137.13,32,31,27
4826e0a93c.jpg,55.44,1080,1275,0.85,126.27,214,210,221
48cff906ed.jpg,2367.9,2896,2037,1.42,105.86,44,34,29
494945887b.jpg,259.71,720,603,1.19,34.76,31,20,12
49664fc726.jpg,29.05,400,579,0.69,136.98,137,109,93
4a3b16f8ca.jpg,215.2,1080,1297,0.83,222.18,68,46,38
4a89d4bb07.jpg,72.62,1080,1255,0.86,73.67,30,21,15
4adef92292.jpg,23.51,640,759,0.84,88.15,105,115,114
4b2fe15428.jpg,423.11,1080,1065,1.01,105.8,107,90,81
4b7ba089f3.jpg,194.84,1080,1078,1.0,164.21,25,25,16
4b90379e91.jpg,554.9,1080,1064,1.02,88.47,122,83,37
4c13f7de03.jpg,6.13,512,288,1.78,18.64,9,7,6
4c65274ba1.jpg,77.4,960,960,1.0,156.77,173,153,115
4c7b03eef7.jpg,329.26,1080,754,1.43,49.34,19,27,37
4c929b6b3b.jpg,39.19,500,616,0.81,140.67,116,123,76
4da28466af.jpg,50.72,827,801,1.03,121.38,131,83,76
4dfc9e27fa.jpg,516.98,1075,1075,1.0,147.44,51,28,15
4e062c78d4.jpg,703.01,1080,1348,0.8,143.92,217,111,185
4e4e0697d9.jpg,123.59,1080,1143,0.94,58.43,37,27,23
4f6bd2dbd7.jpg,321.13,1080,788,1.37,67.91,55,57,45
4fa5a77fd6.jpg,42.42,523,707,0.74,71.4,58,31,26
4fc970327f.jpg,56.66,1080,1042,1.04,24.83,163,140,129
50a06fee2f.jpg,50.21,1080,606,1.78,65.75,33,33,36
50a9dc26fe.jpg,183.7,1080,1920,0.56,160.37,59,137,176
517524544f.jpg,467.96,1080,1242,0.87,164.8,215,193,208
5194e3f0a8.jpg,64.4,1080,1328,0.81,205.44,70,133,216
51ec9f9d28.jpg,34.1,720,499,1.44,97.44,89,95,113
522a822645.jpg,29.82,526,539,0.98,139.15,57,45,44
524950bb69.jpg,24.43,756,710,1.06,233.86,18,18,18
5256328674.jpg,68.26,1080,1028,1.05,115.74,248,248,248
5309497958.jpg,68.57,901,960,0.94,123.96,135,130,122
53e61f6257.jpg,296.47,1080,791,1.37,101.95,31,29,31
53f2ca9f0f.jpg,222.11,1080,593,1.82,61.61,54,31,26
54218331ad.jpg,77.49,640,854,0.75,95.83,62,73,87
542b100707.jpg,95.96,1080,1044,1.03,84.31,60,48,44
544f3ff308.jpg,726.38,1080,1326,0.81,71.68,49,35,28
5450fb80ee.jpg,34.48,600,488,1.23,53.46,37,25,21
5464e3813d.jpg,30.04,552,496,1.11,98.87,35,34,35
54683fd51f.jpg,271.81,1350,1687,0.8,184.85,204,195,179
553f440446.jpg,523.12,1080,1310,0.82,89.84,42,44,39
5574fde5af.jpg,45.81,800,650,1.23,35.72,19,25,21
55967fd2e4.jpg,58.67,1080,1215,0.89,80.4,25,25,20
562305176b.jpg,120.72,946,2048,0.46,69.58,19,21,28
569952f2d8.jpg,344.28,1080,1029,1.05,126.83,59,49,44
56f965eac4.jpg,382.56,1080,1141,0.95,75.16,48,35,30
573875ed54.jpg,35.65,505,600,0.84,94.71,37,31,43
5782670a2c.jpg,31.19,449,613,0.73,122.4,143,145,157
585923781a.jpg,38.32,1080,849,1.27,140.86,88,108,142
5889e6ea08.jpg,45.35,721,900,0.8,146.11,160,146,126
590298605a.jpg,171.72,1080,1440,0.75,94.06,199,202,205
597a4e7812.jpg,460.04,1080,957,1.13,88.14,215,202,197
5984dbfd5f.jpg,289.92,1080,1057,1.02,201.33,214,202,189
59dc14fb71.jpg,36.72,782,815,0.96,173.05,195,201,216
5a082bfbd3.jpg,265.68,1080,836,1.29,202.16,232,227,219
5a43a00018.jpg,37.63,750,500,1.5,45.06,26,21,16
5b1a96eb73.jpg,61.01,1080,983,1.1,163.18,91,68,66
5bb9104f72.jpg,38.19,720,699,1.03,50.31,15,15,16
5bcfeb9b38.jpg,25.48,526,526,1.0,156.62,160,113,88
5be53d1549.jpg,105.45,1080,980,1.1,102.35,33,35,23
5bfa0cbe5d.jpg,637.16,1080,1112,0.97,95.14,211,147,132
5c04de5441.jpg,19.03,480,497,0.97,194.41,202,203,201
5cc0d7c4aa.jpg,48.88,712,712,1.0,108.75,113,114,103
5cd6691d50.jpg,59.39,1080,1204,0.9,84.49,51,51,29
5ce53234d2.jpg,68.51,596,986,0.6,96.77,113,102,99
5d4e5612db.jpg,46.5,1080,1029,1.05,132.43,33,33,18
5dc15feb43.jpg,55.87,960,960,1.0,84.93,53,42,35
5e3bec6d21.jpg,671.89,1080,1327,0.81,134.8,191,171,101
5e6dcefa28.jpg,533.27,1080,1274,0.85,120.52,64,48,42
5e71fe09c2.jpg,404.79,1080,1210,0.89,57.67,42,37,46
5e82c7910e.jpg,197.27,1080,1350,0.8,156.63,226,214,206
5ea1546c78.jpg,30.92,615,960,0.64,53.41,31,29,26
5eb82999c1.jpg,33.2,1080,661,1.63,193.38,230,205,138
5ebff3a3c0.jpg,14.44,400,329,1.22,69.29,72,63,55
5f0cbf2d85.jpg,298.58,1080,637,1.7,129.09,50,51,52
5f6027ab1a.jpg,328.72,1080,761,1.42,112.93,20,46,35
5f6b7ab5d5.jpg,43.91,1080,1080,1.0,25.93,15,16,16
5f851335cc.jpg,489.78,1080,1063,1.02,123.04,65,94,108
5f8767a37b.jpg,13.57,373,280,1.33,105.95,61,49,44
5fb618006e.jpg,25.12,745,385,1.94,116.55,45,37,32
5fb75049da.jpg,37.22,828,821,1.01,63.3,53,44,54
5fb9c9f428.jpg,236.71,1080,729,1.48,77.65,39,33,32
5fc4bdcb98.jpg,640.55,1080,1320,0.82,69.35,22,34,32
60fa735a1d.jpg,330.05,1080,1084,1.0,58.89,26,31,27
619c33d85d.jpg,70.4,750,744,1.01,122.62,241,240,239
61c389cc98.jpg,299.68,1080,784,1.38,99.22,42,44,35
622e5a5b37.jpg,335.34,1080,1312,0.82,158.84,128,112,104
62565f84b7.jpg,54.06,488,960,0.51,168.59,181,177,169
627d41d88b.jpg,112.3,564,697,0.81,75.87,62,40,25
6334d2aaba.jpg,0.0,0,0,0.0,0.0,0,0,0
639ce3fa5c.jpg,49.48,600,528,1.14,108.3,225,198,154
639d3acf93.jpg,479.21,1080,1040,1.04,31.09,28,21,17
63d5503e95.jpg,32.99,549,903,0.61,93.92,82,94,93
64531d57ff.jpg,432.16,1080,1125,0.96,168.48,196,187,181
64f3d56350.jpg,40.42,749,862,0.87,150.65,68,57,50
64f56a7097.jpg,284.62,1080,1029,1.05,142.48,39,25,17
6509ec895f.jpg,425.2,1080,938,1.15,110.13,171,150,115
6549c48782.jpg,68.99,665,778,0.85,113.48,72,62,55
65828a9258.jpg,33.13,571,960,0.59,31.31,18,19,21
659865324e.jpg,355.63,1080,736,1.47,112.47,95,93,103
65ba682469.jpg,415.1,1080,1222,0.88,140.39,215,203,177
65dab6f491.jpg,32.71,720,696,1.03,107.88,112,91,73
65fc1a8064.jpg,247.43,1080,1006,1.07,101.42,92,60,58
662e80a0c4.jpg,61.87,750,970,0.77,117.89,52,42,38
66605db1f0.jpg,23.06,526,526,1.0,134.73,47,36,26
66756dbf30.jpg,255.59,1080,973,1.11,46.8,44,30,27
667b63a37b.jpg,502.36,1080,1010,1.07,104.1,56,56,62
6691031948.jpg,428.81,1080,1266,0.85,69.11,34,25,22
66b2bdaa6a.jpg,87.35,1134,910,1.25,177.14,221,211,194
6709fc22ad.jpg,74.1,1080,1099,0.98,170.63,191,183,178
670ef87e3a.jpg,34.87,736,732,1.01,88.08,49,51,53
6760235c1d.jpg,670.6,1080,1056,1.02,114.53,230,203,169
687b4daad9.jpg,72.24,1080,1062,1.02,177.78,85,82,80
6880afa704.jpg,49.87,750,894,0.84,126.23,207,198,178
68e42f66e9.jpg,33.57,572,514,1.11,102.17,51,37,47
68eb15a76c.jpg,44.96,664,906,0.73,98.5,125,95,76
6988ac3b0d.jpg,92.0,999,1438,0.69,105.44,50,36,41
69a8f674e8.jpg,81.85,1080,1061,1.02,125.37,57,36,25
6a7a7bebd2.jpg,188.4,1014,1200,0.84,134.64,73,87,61
6ad251de67.jpg,76.42,1080,1264,0.85,128.79,32,32,48
6ade5c08b9.jpg,173.79,1080,1055,1.02,77.71,33,30,37
6afb9983b1.jpg,378.95,1080,1056,1.02,111.13,49,46,47
6b21503d1b.jpg,445.02,1080,975,1.11,149.72,167,196,197
6b24771e68.jpg,161.29,1080,801,1.35,241.42,52,55,57
6b2bf1599b.jpg,77.16,1080,833,1.3,78.58,61,61,62
6ba192514b.jpg,79.95,1080,1094,0.99,68.47,26,16,15
6c5d96e4a7.jpg,411.08,839,1035,0.81,121.64,162,111,93
6ca4bc8d65.jpg,449.0,1080,1041,1.04,163.87,174,184,188
6d6f7a2b77.jpg,236.11,1080,1014,1.07,189.86,179,172,169
6d9d6ed8e4.jpg,33.44,760,716,1.06,220.0,56,49,36
6dd8ade5ab.jpg,35.76,828,828,1.0,35.19,32,26,19
6e06cec7c5.jpg,703.97,1080,1229,0.88,128.8,181,163,158
6e0f0221ec.jpg,42.05,720,840,0.86,89.19,36,46,47
6e46610802.jpg,160.51,1080,410,2.63,69.05,44,42,43
6e69115b39.jpg,65.43,937,1171,0.8,145.34,214,201,208
6e6a29da3b.jpg,41.47,1080,886,1.22,120.63,201,172,148
6ee8f4277c.jpg,30.96,947,960,0.99,17.1,197,73,75
6f61944bc7.jpg,442.5,1080,1040,1.04,207.36,35,49,61
6fd040e0d8.jpg,431.43,500,589,0.85,82.5,42,35,28
700da5e198.jpg,73.87,1080,1073,1.01,122.91,202,142,107
702c3ec412.jpg,83.67,1080,810,1.33,91.17,69,45,49
7068a7870b.jpg,492.65,1080,872,1.24,126.79,158,114,127
70e12c2efb.jpg,441.5,1080,1017,1.06,116.01,109,109,73
71058db6e2.jpg,93.63,1024,892,1.15,120.47,226,217,216
712eeeda99.jpg,78.48,1080,1080,1.0,65.0,37,30,25
71528496da.jpg,311.22,1080,585,1.85,114.48,119,95,88
7187230f4e.jpg,554.46,1080,1045,1.03,84.85,57,51,55
7202d7aae6.jpg,54.89,720,706,1.02,120.78,50,53,64
7284aff1f3.jpg,51.4,960,530,1.81,111.26,227,156,177
730ceb23fb.jpg,541.31,1080,1069,1.01,81.84,60,50,41
7374b3a705.jpg,157.14,1080,869,1.24,25.48,20,19,20
739c83c721.jpg,51.97,800,877,0.91,134.02,66,62,73
73d28ec1d4.jpg,218.81,1080,1035,1.04,63.27,49,27,13
73d67c526f.jpg,197.27,1080,1033,1.05,40.13,34,32,34
73f04c7701.jpg,52.13,903,1208,0.75,84.15,105,79,71
74421e193e.jpg,415.88,1080,1069,1.01,70.75,74,49,38
746d39aa34.jpg,57.03,798,960,0.83,130.82,177,176,162
74738b7894.jpg,29.15,666,667,1.0,139.64,37,19,22
749b042dfe.jpg,106.36,1000,873,1.15,138.29,211,169,70
74ead43873.jpg,291.22,1080,1070,1.01,135.25,137,97,86
7517d5e4a3.jpg,61.5,962,1139,0.84,114.52,61,68,67
75426d69bf.jpg,47.16,720,693,1.04,108.95,67,57,50
7559423853.jpg,98.33,826,960,0.86,103.68,202,93,42
75ebaeeeed.jpg,475.64,1080,1057,1.02,112.56,28,26,26
7622dfb71e.jpg,86.63,764,1440,0.53,91.18,44,38,35
76f024fd1d.jpg,40.58,828,681,1.22,162.18,220,184,172
77eda0616e.jpg,79.76,1080,1055,1.02,90.78,189,163,133
77f8bbce02.jpg,44.96,720,860,0.84,196.85,203,198,201
780f011696.jpg,350.25,1080,584,1.85,116.18,67,54,51
78508a4ee9.jpg,485.8,1080,1303,0.83,172.9,234,223,217
78c72abfcb.jpg,59.95,897,1215,0.74,71.79,16,27,39
793e8ae354.jpg,38.61,665,666,1.0,65.83,23,35,33
7967af0dd4.jpg,611.24,1080,1213,0.89,97.22,58,43,40
79a1950110.jpg,414.09,1080,1290,0.84,156.16,178,170,163
7a53a56eb6.jpg,177.01,1006,1440,0.7,97.06,75,74,66
7b4373ff90.jpg,455.38,1080,1002,1.08,121.2,199,191,165
7b5bb9d3e0.jpg,0.0,0,0,0.0,0.0,0,0,0
7b78eca721.jpg,86.81,898,1121,0.8,89.78,60,37,32
7b7bc5f625.jpg,72.12,665,792,0.84,75.34,57,51,44
7bf7b344a7.jpg,50.01,1080,1260,0.86,96.72,105,94,80
7c2c542c7b.jpg,156.79,295,426,0.69,82.91,113,84,69
7c7226198d.jpg,48.23,720,720,1.0,93.94,43,28,23
7c891b4b2f.jpg,294.09,1080,853,1.27,191.87,222,205,195
7daadaa865.jpg,18.62,720,418,1.72,170.47,197,184,181
7dbc30b7ad.jpg,263.54,1080,582,1.86,130.17,35,25,23
7e31a018ac.jpg,39.61,800,848,0.94,212.38,191,195,189
7e552ff965.jpg,35.28,1080,608,1.78,41.32,43,31,18
7ea16e89cf.jpg,67.47,1080,776,1.39,92.52,61,50,51
7f0050e129.jpg,290.85,1003,794,1.26,153.79,231,177,94
7f165b23f0.jpg,176.87,1032,1032,1.0,74.4,192,185,180
7f2899c697.jpg,372.79,1080,1030,1.05,160.37,197,180,169
7f49301fa2.jpg,59.87,898,927,0.97,70.62,49,41,25
7fa2a83fce.jpg,34.11,517,540,0.96,101.28,138,96,90
80273a80f2.jpg,57.52,1041,1000,1.04,114.84,47,40,40
802990fa9c.jpg,70.78,1080,1203,0.9,111.34,76,66,61
80ab6dd4d8.jpg,30.5,960,540,1.78,170.02,214,197,178
813b72887a.jpg,149.88,722,1069,0.68,193.36,58,52,44
815c14f7ac.jpg,271.78,854,841,1.02,120.35,68,70,61
81cb2b8f85.jpg,39.94,986,946,1.04,68.76,21,25,23
81cf00de17.jpg,208.39,737,991,0.74,77.49,34,32,45
8209615c66.jpg,383.26,1041,899,1.16,192.96,209,200,180
821a4d261d.jpg,518.73,1080,1311,0.82,99.6,27,31,42
822b2215d0.jpg,313.07,535,520,1.03,62.96,51,42,37
82756f9f44.jpg,311.33,1080,1040,1.04,164.47,186,171,163
836d5dcb12.jpg,18.56,450,623,0.72,86.11,34,26,13
8371876728.jpg,513.63,1080,1316,0.82,114.71,54,55,54
8436cb9f84.jpg,58.79,765,960,0.8,84.85,214,206,194
84a5159cc4.jpg,473.75,1080,1040,1.04,85.16,49,56,49
860d2a5572.jpg,61.78,697,960,0.73,97.96,38,50,55
86162454e4.jpg,70.46,1080,720,1.5,86.81,55,64,70
86396f7713.jpg,92.21,633,791,0.8,95.76,60,36,36
863fa6e19f.jpg,39.74,750,652,1.15,111.72,126,99,75
86597e5ab5.jpg,137.25,1080,1350,0.8,112.62,124,87,72
867002761f.jpg,112.61,1080,1282,0.84,81.22,40,32,32
86c548db2f.jpg,44.85,960,524,1.83,87.77,58,53,48
87806ea012.jpg,190.2,1080,607,1.78,192.13,227,219,214
87938adeef.jpg,49.03,1080,830,1.3,224.99,192,172,127
884ac2b0fd.jpg,59.21,1054,1048,1.01,58.11,14,15,14
8884ccbbaf.jpg,52.17,1080,1037,1.04,171.13,163,127,105
889e8cad9c.jpg,43.69,1080,1007,1.07,44.16,39,28,21
89167e2d95.jpg,412.38,1080,1058,1.02,66.15,29,59,39
898e3939c5.jpg,433.75,1080,1046,1.03,112.63,119,119,116
89c31748e1.jpg,64.27,828,824,1.0,109.34,67,58,51
89d976ae01.jpg,73.03,631,960,0.66,67.48,23,27,32
8a1d5fc8a1.jpg,47.72,1080,1080,1.0,161.21,43,37,36
8a5680a44a.jpg,129.5,1004,1016,0.99,108.73,61,56,42
8a6ad41553.jpg,262.01,1080,1330,0.81,178.82,200,189,183
8a86c10ddc.jpg,450.88,1080,1030,1.05,180.86,205,181,177
8b269ec19a.jpg,60.07,735,788,0.93,169.43,99,112,114
8bcbeb33ef.jpg,52.87,1080,1007,1.07,114.51,82,65,41
8bd4ec3f40.jpg,70.75,1080,1080,1.0,74.36,45,67,63
8c16665222.jpg,47.16,960,745,1.29,150.68,186,166,132
8c2adc86f9.jpg,44.24,1080,680,1.59,70.48,49,53,40
8dc7c85314.jpg,441.62,1080,1071,1.01,119.79,113,95,86
8e696a3c0f.jpg,53.73,719,962,0.75,51.5,12,30,43
8e6a11073f.jpg,198.8,960,2160,0.44,89.3,222,154,116
8e7016508c.jpg,361.45,1080,920,1.17,167.47,64,61,57
8e763c5596.jpg,474.45,1080,1237,0.87,81.86,49,52,46
8ecfa8eba3.jpg,196.55,1080,1038,1.04,236.15,60,56,57
8ef7832410.jpg,76.07,1080,978,1.1,60.62,40,34,38
8f1eac5796.jpg,42.44,665,689,0.97,106.16,54,49,43
8f6f49cfd2.jpg,107.61,1080,1025,1.05,107.63,110,94,62
8f7ed2cb40.jpg,41.12,814,768,1.06,180.26,153,211,216
8fcfe0358e.jpg,23.23,640,360,1.78,70.06,51,26,24
902379ad6e.jpg,21.82,828,621,1.33,35.03,27,26,29
906cd91365.jpg,327.85,1079,1272,0.85,38.21,179,154,195
90d93a49cf.jpg,69.32,1080,1080,1.0,169.13,237,228,227
90dc354183.jpg,50.41,720,734,0.98,178.11,219,200,196
90f74a3d37.jpg,27.92,526,592,0.89,98.72,41,41,45
91104b24ed.jpg,79.22,750,1050,0.71,142.62,195,187,172
917337cb54.jpg,138.14,1080,1622,0.67,128.55,173,152,158
91ac288511.jpg,249.27,1080,970,1.11,119.46,107,94,85
91d635704d.jpg,404.87,1080,1310,0.82,48.2,25,21,41
927e6f41e3.jpg,32.01,552,629,0.88,75.55,197,149,117
93a10902ec.jpg,214.93,1080,691,1.56,115.71,246,236,233
93b2178d02.jpg,49.13,735,614,1.2,78.11,33,34,57
93dd1113c3.jpg,21.51,500,546,0.92,56.63,184,184,186
93e00ca181.jpg,466.19,1080,1022,1.06,89.96,131,54,58
9433098620.jpg,71.79,960,955,1.01,105.67,71,85,105
94b258184e.jpg,36.81,680,623,1.09,129.09,67,72,67
94d06e81c2.jpg,304.99,1080,1047,1.03,68.3,71,30,29
9577297d4c.jpg,54.3,1080,836,1.29,58.78,180,138,137
95c9eabdc9.jpg,450.94,1080,1193,0.91,178.72,234,192,45
96092711e0.jpg,35.23,700,678,1.03,57.05,37,21,17
96182c151c.jpg,62.3,1080,1187,0.91,148.2,109,98,102
967a0e6a8b.jpg,66.12,720,889,0.81,130.74,80,75,80
968d7bb79d.jpg,354.19,1080,1058,1.02,47.18,21,17,15
968f8faa4b.jpg,220.38,1254,2048,0.61,85.76,55,54,55
9710c1ccdd.jpg,53.06,1039,1200,0.87,47.74,42,35,32
97364df62a.jpg,76.31,1080,1078,1.0,127.75,77,68,71
97b4b10074.jpg,53.65,1080,759,1.42,144.12,201,195,178
97d0184d94.jpg,1260.21,973,929,1.05,77.9,209,152,108
97fc9e3705.jpg,435.79,1080,1065,1.01,134.98,28,26,32
980be43ef9.jpg,40.58,1080,1047,1.03,32.7,15,15,15
984907489b.jpg,541.43,1080,1175,0.92,89.32,129,67,45
984e9c00a7.jpg,33.99,640,427,1.5,150.24,209,207,198
9867512884.jpg,256.36,1080,1209,0.89,236.01,61,62,64
989118dbb2.jpg,206.89,1035,975,1.06,139.85,95,83,89
98bc20c2c9.jpg,36.9,1080,1080,1.0,119.27,126,103,94
9931093ecf.jpg,59.92,1080,1051,1.03,162.36,179,164,148
994e931c2b.jpg,294.18,1080,1116,0.97,152.58,214,192,163
999075bf86.jpg,301.49,1080,693,1.56,88.61,39,34,35
9a5dd34274.jpg,65.47,952,960,0.99,115.2,217,195,193
9a5ecabdc3.jpg,67.91,960,845,1.14,125.25,72,75,91
9ab87681a5.jpg,16.14,535,610,0.88,36.33,33,33,67
9b1a826d1a.jpg,161.02,1080,652,1.66,34.13,18,21,30
9b2e8e1379.jpg,412.58,1056,1273,0.83,75.66,100,77,75
9b5963f5df.jpg,16.74,659,659,1.0,65.62,31,17,11
9bed7a1dfb.jpg,42.65,960,960,1.0,147.23,82,62,49
9c00b6a26c.jpg,66.44,883,837,1.05,35.76,15,14,12
9c18ccc670.jpg,65.67,1071,1070,1.0,62.2,45,38,32
9c7656d830.jpg,139.69,1080,1087,0.99,215.66,30,26,22
9c89021e51.jpg,289.9,1080,518,2.08,124.17,181,137,101
9ced5ef9af.jpg,25.05,633,644,0.98,82.4,22,21,21
9d7b374e3f.jpg,33.63,612,506,1.21,99.81,51,55,70
9d9fc62bd7.jpg,33.44,724,569,1.27,67.31,202,188,182
9da9817fb6.jpg,339.48,1080,1175,0.92,199.41,211,207,205
9e6b351839.jpg,513.96,1080,1006,1.07,75.38,40,30,30
9e8b7f6d33.jpg,404.72,1080,1064,1.02,110.5,68,38,24
9f8c5f44d2.jpg,58.82,962,953,1.01,84.41,52,51,58
9f907c26fc.jpg,34.32,592,592,1.0,95.09,27,21,14
9faf142319.jpg,229.85,1079,946,1.14,43.59,22,25,28
a09a3358c9.jpg,450.27,1080,1093,0.99,53.25,30,30,32
a170fd66b2.jpg,159.71,1080,706,1.53,140.37,121,80,68
a1863c08f7.jpg,56.8,768,960,0.8,86.69,71,45,38
a22cef6898.jpg,86.34,1080,1257,0.86,76.2,96,80,77
a2b26348f5.jpg,353.16,1080,1142,0.95,112.59,136,113,110
a2ca48e006.jpg,69.81,1080,950,1.14,154.37,53,52,51
a2e253d579.jpg,493.5,1073,1089,0.99,109.37,72,69,68
a3fd6e390b.jpg,248.8,708,789,0.9,112.25,130,94,74
a403748fe2.jpg,76.22,1080,1080,1.0,45.8,33,29,26
a418cb6982.jpg,32.32,700,697,1.0,60.47,200,176,177
a427eb3de6.jpg,133.25,1080,1366,0.79,133.67,75,57,61
a469209f7e.jpg,50.82,1080,910,1.19,181.97,47,41,39
a507ed28f2.jpg,104.73,1080,1156,0.93,107.96,34,42,58
a64ee4157a.jpg,299.27,1080,1042,1.04,177.53,163,141,121
a65d5bdaed.jpg,56.19,1080,1055,1.02,26.74,24,21,21
a65f73ab16.jpg,38.93,641,718,0.89,136.46,13,68,109
a66379596c.jpg,97.58,1080,1380,0.78,75.54,195,196,201
a6982ce488.jpg,82.29,960,941,1.02,154.75,198,202,202
a6b6d151d9.jpg,66.09,640,713,0.9,101.99,65,41,29
a6debb9a07.jpg,334.84,1080,813,1.33,116.94,119,93,69
a79bff62a2.jpg,75.01,960,960,1.0,53.57,42,37,44
a7bc7b7cbc.jpg,740.97,1080,1333,0.81,63.51,41,37,39
a7f3ed42a9.jpg,44.25,720,857,0.84,71.38,201,177,154
a81865f4fb.jpg,30.17,556,480,1.16,135.64,115,117,96
a82c8f369c.jpg,34.68,680,639,1.06,120.36,55,43,40
a87035f239.jpg,416.37,1065,1065,1.0,111.77,215,102,93
a8735a8bf2.jpg,62.81,1080,1108,0.97,203.77,232,227,225
a8e4d3d613.jpg,59.31,708,960,0.74,86.24,30,21,8
a9456b02e7.jpg,425.86,1080,1065,1.01,81.31,64,32,29
a96f5324e6.jpg,77.74,994,1138,0.87,110.56,6,6,6
a9d93216a1.jpg,79.96,700,1171,0.6,68.91,59,54,52
aa2166118c.jpg,321.81,1080,1060,1.02,59.31,33,31,30
aaa356d014.jpg,38.57,477,720,0.66,119.8,56,43,38
aaa9af27be.jpg,133.49,1080,1264,0.85,114.04,72,62,55
aab4f8641f.jpg,232.62,1080,926,1.17,228.86,202,185,137
ab6634d7a8.jpg,286.62,994,719,1.38,87.62,43,38,37
ab6903c3c2.jpg,355.67,1075,1306,0.82,122.14,123,130,122
ab780cbd6f.jpg,90.35,1080,1222,0.88,149.14,221,213,206
ab870b5211.jpg,208.41,1080,1066,1.01,167.4,101,97,93
aba68f73cf.jpg,681.87,1080,1311,0.82,124.73,164,162,159
abfe9d2795.jpg,20.33,249,700,0.36,57.78,33,27,24
ac1d6ccda1.jpg,74.75,1080,1077,1.0,106.86,20,40,62
aca1049b94.jpg,383.01,1080,1094,0.99,90.94,99,61,60
ad9c3aa6f8.jpg,38.78,678,736,0.92,80.57,44,52,66
adcb874b57.jpg,368.25,1080,1053,1.03,145.07,225,240,238
ae0da799f6.jpg,328.21,1080,993,1.09,136.49,123,107,92
ae3d0cac01.jpg,51.13,1080,714,1.51,114.55,28,25,26
ae48ae1ff1.jpg,65.39,750,924,0.81,93.5,235,207,119
aefb9d5fbe.jpg,255.85,309,413,0.75,99.79,218,210,206
af0fef52b5.jpg,51.66,1080,545,1.98,204.64,207,211,206
af37c9dfd0.jpg,40.47,720,719,1.0,91.47,43,44,38
afb8a44a17.jpg,36.99,640,621,1.03,82.56,209,180,192
afc69534e0.jpg,432.77,1080,1034,1.04,91.35,73,52,46
afd44c3e18.jpg,24.76,672,672,1.0,220.48,242,243,235
afd8de9b67.jpg,60.05,960,960,1.0,143.61,138,158,176
b064bed6f2.jpg,238.13,1080,1055,1.02,153.69,63,41,34
b072cba56f.jpg,321.2,1080,1319,0.82,136.66,57,33,21
b100695746.jpg,44.93,720,886,0.81,75.27,53,44,46
b2067d639f.jpg,70.38,700,1011,0.69,137.19,48,53,53
b23444194f.jpg,299.51,1080,903,1.2,86.45,69,64,63
b23ba9d78a.jpg,353.7,849,844,1.01,106.98,220,202,183
b2c710a0ec.jpg,288.07,1080,905,1.19,113.2,196,151,64
b302c5e438.jpg,37.31,1080,978,1.1,102.83,58,41,38
b31455027e.jpg,67.22,1080,911,1.19,199.17,204,142,84
b3ec4fd6f8.jpg,348.79,1080,1048,1.03,31.41,29,24,17
b4a1773263.jpg,84.73,1080,1151,0.94,162.71,158,155,145
b533ad53d7.jpg,19.96,526,521,1.01,137.0,41,24,19
b554fab48f.jpg,43.08,1080,892,1.21,112.34,25,29,37
b57072d57c.jpg,51.54,1080,1250,0.86,200.72,242,243,242
b59bc4d03c.jpg,91.56,675,900,0.75,105.48,74,64,60
b60438c06b.jpg,65.69,1080,1465,0.74,41.06,30,22,19
b6c2ee32c3.jpg,95.17,1080,1919,0.56,106.8,68,115,39
b73cd6aa28.jpg,47.77,1080,608,1.78,54.51,32,26,26
b77e4f4e56.jpg,336.77,1080,1309,0.83,37.43,32,28,23
b7986a34b7.jpg,72.83,1080,1080,1.0,129.48,138,96,91
b7e860d37b.jpg,82.39,1080,1039,1.04,58.0,46,39,33
b7f5cfb8c1.jpg,52.69,1080,1037,1.04,171.14,163,127,105
b83852c2b7.jpg,416.48,1079,1192,0.91,118.02,160,160,160
b8565e58c5.jpg,67.27,1080,1179,0.92,157.05,49,38,43
b866515565.jpg,59.51,1080,1006,1.07,68.43,63,60,49
b87d3c8d1c.jpg,367.21,1080,1276,0.85,117.69,81,81,139
b89756a51c.jpg,18.12,460,457,1.01,129.34,139,112,93
b8d3e967f8.jpg,62.59,1080,1348,0.8,63.12,21,16,17
b8fb1b7e9d.jpg,95.31,1080,1080,1.0,163.53,232,206,189
b984973e43.jpg,14.53,512,426,1.2,62.31,21,21,33
b995fd2e88.jpg,60.47,564,557,1.01,125.55,24,24,24
bb6598f9d0.jpg,44.77,539,713,0.76,62.04,45,30,25
bb6c215ee4.jpg,404.76,1080,1041,1.04,188.84,191,199,195
bbde6a5e71.jpg,557.58,1080,1214,0.89,173.98,207,203,195
bc1df1d011.jpg,557.91,1077,1208,0.89,145.49,117,118,93
bc670557d1.jpg,47.96,879,762,1.15,95.56,28,24,35
bc7c4dfc0a.jpg,305.56,1080,1054,1.02,177.65,170,53,17
bc9fdc99dd.jpg,123.11,1080,1272,0.85,123.8,141,140,144
bcfbcff9d6.jpg,131.15,1080,1405,0.77,105.99,65,56,47
bd0f375e99.jpg,37.75,640,804,0.8,143.56,175,106,58
bd8223f700.jpg,225.9,1071,805,1.33,104.56,49,43,44
be469819ec.jpg,24.37,480,441,1.09,149.65,51,58,31
be83fb431a.jpg,133.62,640,721,0.89,77.78,79,37,34
bee8c6dd2a.jpg,37.72,1080,608,1.78,43.14,43,31,29
beefec20dd.jpg,20.26,397,394,1.01,49.72,193,177,192
bf24f075fa.jpg,668.04,1080,1395,0.77,81.52,94,88,62
bf34aa387c.jpg,26.04,500,600,0.83,68.72,58,45,32
bf3a8a6d79.jpg,73.97,1080,1018,1.06,143.2,190,150,129
bf6343312b.jpg,103.66,963,963,1.0,84.95,54,51,42
bfb4c14e59.jpg,23.27,564,564,1.0,207.36,221,221,220
bff3d20e6f.jpg,49.21,494,640,0.77,137.82,152,123,107
c0089221e2.jpg,251.56,1080,793,1.36,102.68,34,31,28
c03a0ef0c8.jpg,505.37,1080,1074,1.01,85.1,68,48,47
c08b2d024a.jpg,58.59,700,648,1.08,163.1,238,241,242
c0db6e08c9.jpg,54.26,1080,615,1.76,65.29,44,38,34
c0e9be687d.jpg,176.01,1080,721,1.5,144.96,221,164,139
c1057cb24c.jpg,471.15,1080,1055,1.02,141.68,111,130,106
c10a553374.jpg,35.4,720,608,1.18,164.05,80,79,65
c17fae6afc.jpg,986.18,1080,1981,0.55,171.78,140,149,81
c1d17fec9d.jpg,39.61,456,680,0.67,119.31,44,64,77
c1fead8b0e.jpg,406.88,1080,1326,0.81,81.79,24,38,34
c292106869.jpg,260.78,1080,1073,1.01,218.45,220,210,204
c2b289e533.jpg,252.34,1080,1058,1.02,175.67,222,221,215
c2b75d1759.jpg,68.75,1080,1038,1.04,71.04,38,30,23
c2ed727c26.jpg,31.59,720,718,1.0,182.9,131,103,52
c37eff8a7a.jpg,66.99,1080,1080,1.0,230.79,224,224,224
c3bb7ea59b.jpg,458.67,1079,1058,1.02,138.05,178,159,88
c4c227b9fb.jpg,316.64,922,1207,0.76,86.95,62,35,36
c50232bee7.jpg,23.09,487,551,0.88,120.2,35,30,31
c5142f7f04.jpg,57.82,828,731,1.13,144.96,102,110,93
c52685ed0c.jpg,52.16,1080,1080,1.0,189.46,53,85,117
c5427c8356.jpg,405.33,1080,1048,1.03,98.35,108,86,65
c54c8f5c4d.jpg,48.22,1080,792,1.36,102.68,51,33,16
c56c666882.jpg,87.66,1080,810,1.33,95.4,55,37,41
c58e977e81.jpg,70.6,1080,1297,0.83,106.16,220,210,198
c59a4a6199.jpg,79.08,675,960,0.7,157.34,187,187,187
c66dae7d4c.jpg,42.08,736,720,1.02,121.83,54,54,53
c6953f7abb.jpg,523.98,1080,1049,1.03,145.11,196,186,173
c6b1c0a759.jpg,270.61,1080,898,1.2,36.94,14,16,23
c800a3bf93.jpg,344.34,1029,1056,0.97,111.64,68,47,46
c825b77f30.jpg,61.75,1080,1134,0.95,113.71,77,67,62
c8325720bb.jpg,23.0,474,528,0.9,162.82,225,221,212
c88282ba95.jpg,125.6,828,758,1.09,171.18,218,226,226
c893ddb7ea.jpg,465.96,1080,1164,0.93,112.77,57,65,68
c92a3a45a4.jpg,412.91,1080,724,1.49,89.64,82,106,54
c947b0d087.jpg,358.24,1080,1061,1.02,116.16,60,49,51
c97a1f816f.jpg,398.29,1080,1239,0.87,125.58,67,44,30
c9b23bd918.jpg,47.86,720,902,0.8,152.16,219,208,180
ca446e4460.jpg,51.33,640,853,0.75,145.31,135,121,115
ca7031fafe.jpg,2951.4,3000,4000,0.75,86.7,199,143,143
ca7cd1c413.jpg,59.63,960,920,1.04,114.06,141,120,110
cac4e27a76.jpg,38.37,398,500,0.8,85.21,56,33,24
cb2d5c6c1a.jpg,290.58,1080,988,1.09,60.78,162,162,168
cbab9ccec5.jpg,268.83,1080,516,2.09,84.24,110,76,41
cc00d5b2b5.jpg,436.65,1080,1416,0.76,86.41,114,84,69
cc42e38565.jpg,432.78,1080,1049,1.03,75.36,66,50,39
cc76fbd03f.jpg,85.26,1048,1205,0.87,59.85,29,33,22
cd9da7107f.jpg,34.54,750,750,1.0,36.84,203,173,140
ce47c26466.jpg,47.28,1080,608,1.78,93.41,62,116,138
cea603e92e.jpg,29.08,665,734,0.91,51.8,37,36,36
cea9117f7f.jpg,34.71,564,564,1.0,84.22,58,52,47
cee1a3a15e.jpg,357.29,1080,1224,0.88,88.42,39,42,35
cf0724c993.jpg,43.21,960,960,1.0,153.88,59,47,40
cf205c57db.jpg,65.16,736,984,0.75,65.74,31,37,51
cf78acb50c.jpg,345.34,1080,602,1.79,144.87,124,141,184
cfd7f90a27.jpg,87.05,1080,1080,1.0,65.55,37,52,47
cfea758c39.jpg,82.77,960,1440,0.67,178.88,216,211,202
d020dabc51.jpg,31.02,720,544,1.32,199.48,218,212,198
d059f9966a.jpg,9.14,299,168,1.78,236.88,47,47,47
d0891afc12.jpg,35.51,704,640,1.1,67.88,188,203,207
d13f04e498.jpg,329.81,1080,845,1.28,126.59,151,176,206
d1a08dccb9.jpg,297.83,1080,1020,1.06,161.66,206,174,166
d1c76aa3a2.jpg,187.86,616,951,0.65,218.88,223,216,212
d1da039780.jpg,300.26,1080,1216,0.89,116.96,219,183,176
d1f6287a44.jpg,506.21,1070,1024,1.04,189.74,206,203,198
d2f9bbeb6c.jpg,17.51,500,491,1.02,62.55,36,25,15
d3765a21bc.jpg,67.45,896,1008,0.89,141.24,105,121,88
d3837de374.jpg,685.04,1080,1058,1.02,81.85,183,160,149
d388a16764.jpg,269.96,1080,970,1.11,80.12,22,25,29
d3c2218d4a.jpg,23.92,720,900,0.8,134.53,23,18,14
d3d36c1cb4.jpg,330.12,1080,708,1.53,99.93,36,39,33
d405e35f52.jpg,25.81,554,554,1.0,50.59,37,39,29
d4a28e344c.jpg,231.95,1080,1036,1.04,74.12,54,57,65
d5265ca84d.jpg,68.93,1000,1157,0.86,67.5,35,26,17
d53c8a51da.jpg,495.82,1080,1070,1.01,70.35,31,41,37
d577a6d0cd.jpg,39.04,699,814,0.86,178.53,183,182,216
d585a399a4.jpg,45.94,902,960,0.94,177.6,64,66,60
d5a94a0792.jpg,433.51,1080,808,1.34,153.63,158,142,133
d5bdee1a42.jpg,558.73,1080,1315,0.82,125.22,80,88,101
d6156f693b.jpg,88.52,768,1024,0.75,103.18,67,54,48
d6278d929b.jpg,30.69,660,519,1.27,146.82,100,63,55
d63da65a73.jpg,41.6,680,446,1.52,123.59,118,69,62
d6989930ce.jpg,63.63,1080,1194,0.9,153.71,186,140,152
d6c30d4aa6.jpg,94.22,1080,948,1.14,127.4,169,129,101
d7b733bcf8.jpg,225.54,1080,858,1.26,158.59,141,125,121
d7f5f47041.jpg,310.69,1080,997,1.08,66.56,42,46,40
d842ff02ea.jpg,641.76,1078,1169,0.92,64.05,44,41,41
d8c7f5e09e.jpg,23.41,600,338,1.78,61.8,53,44,34
d8eb6d1bab.jpg,662.34,1080,1166,0.93,106.68,116,97,69
d8f0c8a3a1.jpg,103.81,1080,1448,0.75,59.79,20,30,35
d8fa07b742.jpg,304.52,715,739,0.97,169.7,161,161,156
d9396bd036.jpg,437.7,1036,1548,0.67,85.72,41,39,31
d9e0d1486f.jpg,52.57,694,575,1.21,75.58,50,45,44
da27c16917.jpg,218.35,1080,1188,0.91,169.9,129,151,154
da8977b3bc.jpg,419.72,1079,1319,0.82,44.08,34,30,29
da8e1b74a3.jpg,42.59,1080,893,1.21,12.89,5,6,8
dae482a625.jpg,276.81,861,1019,0.84,141.67,34,202,235
db0538152e.jpg,0.0,0,0,0.0,0.0,0,0,0
dc11342e8a.jpg,45.45,960,820,1.17,140.1,35,49,49
dcaf2b499b.jpg,66.4,1080,1052,1.03,116.06,69,55,39
dccaa3ab53.jpg,59.7,640,636,1.01,76.51,47,36,30
dcf636d51c.jpg,674.18,993,1049,0.95,59.66,39,36,24
dcfaeac33f.jpg,66.55,960,960,1.0,148.86,145,164,181
dd2a915524.jpg,43.57,1080,606,1.78,78.51,58,55,49
dd5cb7a487.jpg,45.65,600,666,0.9,157.34,210,206,190
dd876562c9.jpg,29.33,699,515,1.36,165.75,197,185,180
ddf6a16df7.jpg,558.88,1080,1040,1.04,114.15,19,36,55
de86652f93.jpg,306.37,1080,679,1.59,148.02,180,163,151
de8bf9e22c.jpg,423.62,1080,1006,1.07,146.39,118,94,95
df1012ca86.jpg,111.6,1080,1350,0.8,123.21,40,45,40
df1249413d.jpg,111.97,1290,1277,1.01,88.83,218,147,147
df7b4832fe.jpg,77.3,1080,1031,1.05,133.46,61,55,50
dfbf6d2d1a.jpg,70.75,960,720,1.33,108.73,138,98,74
e02d5c2a9e.jpg,420.15,1074,866,1.24,102.17,57,27,16
e06d25a537.jpg,46.85,695,900,0.77,165.8,44,36,32
e07816da3d.jpg,451.03,1067,1049,1.02,63.61,190,151,158
e0ad7f0659.jpg,55.7,599,920,0.65,69.04,20,24,25
e0e0f6d84e.jpg,47.35,675,875,0.77,112.37,122,101,76
e0ea701e56.jpg,27.6,640,640,1.0,136.84,68,63,57
e11b22e560.jpg,57.19,736,794,0.93,122.62,43,51,44
e15c1bd01a.jpg,106.52,1080,1345,0.8,130.96,139,140,147
e170a3dd18.jpg,329.95,1080,1060,1.02,68.15,49,49,49
e1b1e66f81.jpg,311.65,1078,986,1.09,69.43,30,21,13
e204a86362.jpg,132.05,1080,1338,0.81,93.47,40,40,49
e20afafc1b.jpg,432.54,1080,1122,0.96,148.43,120,77,48
e246fdae1b.jpg,25.96,580,579,1.0,87.18,40,40,43
e3819c71d7.jpg,66.36,1073,1142,0.94,127.72,193,183,184
e4b480ae63.jpg,83.01,1080,1319,0.82,60.04,48,38,36
e4b79c292c.jpg,172.87,295,384,0.77,86.84,113,84,69
e4f748eca4.jpg,393.15,1080,1259,0.86,113.53,200,212,218
e593c26036.jpg,434.16,1080,940,1.15,83.61,217,211,207
e59dc213e8.jpg,265.84,1080,1050,1.03,117.25,101,73,57
e5bcae0c60.jpg,37.64,736,732,1.01,86.48,47,50,51
e75979d4fe.jpg,760.44,1080,1328,0.81,105.96,54,50,47
e7a93a1093.jpg,0.0,0,0,0.0,0.0,0,0,0
e7ec9d2260.jpg,338.92,1080,1052,1.03,49.85,25,30,33
e809efab78.jpg,56.75,960,937,1.02,91.92,69,55,59
e82a38782a.jpg,86.57,1080,1059,1.02,119.99,52,50,50
e88dd78225.jpg,39.02,1080,791,1.37,26.67,16,16,15
e9019591c9.jpg,5173.28,3000,4000,0.75,105.25,41,44,49
e91d5005f1.jpg,52.26,1080,1080,1.0,171.1,108,115,105
e93aacbd03.jpg,70.91,1080,859,1.26,170.7,151,154,159
e93cad02c4.jpg,37.64,720,959,0.75,95.9,120,75,65
e93e346258.jpg,26.02,500,542,0.92,136.88,204,201,190
e9686ba10c.jpg,34.75,479,477,1.0,112.9,123,123,113
e99616b0d6.jpg,45.78,720,777,0.93,138.63,15,51,27
e99cb8ef68.jpg,51.73,949,814,1.17,48.61,55,13,117
e9d2af5afa.jpg,264.8,1080,858,1.26,69.06,54,40,32
ea7587c6c0.jpg,476.74,1080,1104,0.98,56.68,24,18,12
eae0fbc883.jpg,0.0,0,0,0.0,0.0,0,0,0
eaf713608c.jpg,126.3,1080,1080,1.0,184.54,29,39,49
eb4df742b5.jpg,62.24,677,680,1.0,114.4,62,63,62
eb9bcb9e08.jpg,492.42,1080,1197,0.9,101.72,215,213,193
ebbe9a6998.jpg,89.99,1080,1079,1.0,206.29,200,208,214
ec09331644.jpg,19.54,460,535,0.86,58.35,36,27,14
ec31729b7f.jpg,22.04,1080,997,1.08,88.36,28,22,26
ec802539b7.jpg,40.21,600,821,0.73,155.93,43,89,119
edaa9a7ee4.jpg,261.85,790,970,0.81,210.67,215,239,244
edd51a229a.jpg,46.15,1080,810,1.33,150.47,194,184,192
ee6c04eb94.jpg,620.33,1080,1072,1.01,176.12,206,197,183
ee78482818.jpg,53.11,959,897,1.07,102.12,25,63,101
eeaef8a31c.jpg,291.87,1080,1062,1.02,190.56,57,50,50
eed0d8e95b.jpg,512.14,1920,1032,1.86,181.23,197,198,202
ef579f0e47.jpg,59.02,767,810,0.95,178.11,195,189,193
efe5befe8a.jpg,458.35,1080,1298,0.83,71.47,53,44,45
efebfd6834.jpg,102.81,1080,1080,1.0,91.37,58,38,37
f00ebf229e.jpg,35.56,1080,994,1.09,56.05,203,155,135
f051d19ae5.jpg,161.48,1080,1192,0.91,126.89,40,40,42
f08b8eae4a.jpg,125.17,464,931,0.5,66.89,206,176,167
f0b8eefe0a.jpg,119.52,1080,1009,1.07,179.08,245,50,51
f0c5c98336.jpg,28.9,564,705,0.8,105.78,67,56,49
f16b25aa1d.jpg,80.05,1080,953,1.13,161.69,62,68,39
f19b694ffb.jpg,92.12,944,1440,0.66,83.49,67,64,40
f2187a183c.jpg,68.11,1080,1004,1.08,116.52,123,91,66
f224462e5d.jpg,210.61,1080,771,1.4,83.25,16,13,11
f2760346e3.jpg,15.8,480,474,1.01,180.02,216,174,47
f2c6acddbe.jpg,21.7,680,593,1.15,66.71,40,31,63
f307518f63.jpg,296.97,1080,967,1.12,144.65,61,47,49
f312fecff2.jpg,512.93,1080,1324,0.82,52.92,39,26,19
f325d4878b.jpg,323.06,1080,922,1.17,191.47,194,191,198
f3340d15c4.jpg,454.16,1080,935,1.16,81.84,59,55,55
f39d2e14e4.jpg,64.62,1080,1061,1.02,60.34,58,42,33
f40c4d7f4c.jpg,135.05,1080,1331,0.81,93.49,236,207,119
f43be9b3eb.jpg,313.15,1080,1222,0.88,222.66,236,233,227
f4840b5e99.jpg,255.36,1080,1071,1.01,99.88,33,36,41
f50cc33dd3.jpg,31.2,750,698,1.07,181.9,69,54,62
f52efefe29.jpg,40.61,960,960,1.0,18.64,15,11,9
f572d07607.jpg,45.6,638,647,0.99,106.67,53,41,30
f6029c5641.jpg,141.87,1080,1349,0.8,123.58,217,129,16
f62106efc3.jpg,67.18,950,950,1.0,111.87,47,59,57
f656322fd9.jpg,29.67,600,500,1.2,120.64,46,52,56
f6674f9bef.jpg,320.11,1080,1037,1.04,166.67,218,200,182
f685d6e376.jpg,159.34,1069,1100,0.97,135.18,168,82,49
f686361643.jpg,37.86,666,667,1.0,139.38,54,60,56
f8284e77a9.jpg,50.56,500,624,0.8,121.25,86,77,60
f8444077fa.jpg,75.08,1080,970,1.11,153.42,232,217,213
f94365c332.jpg,42.71,792,687,1.15,147.78,50,39,21
f95338432d.jpg,213.8,1080,771,1.4,125.36,47,34,36
f95ad2de76.jpg,247.82,1080,811,1.33,107.62,73,68,66
f972b4a49a.jpg,51.19,720,720,1.0,142.91,46,44,26
f9928f4708.jpg,477.98,1080,1344,0.8,66.49,210,184,180
f9c5633fb3.jpg,139.91,1030,848,1.21,215.35,13,13,15
f9e89143b3.jpg,68.09,1080,755,1.43,92.15,61,60,61
fa1633662f.jpg,86.23,1200,1200,1.0,146.64,33,36,22
fa1b124a88.jpg,397.32,1080,954,1.13,155.38,176,163,155
fa27074a01.jpg,389.91,1080,1191,0.91,79.72,202,175,160
fa81c96028.jpg,50.25,665,740,0.9,94.89,61,49,47
fabb24ec05.jpg,60.84,1080,870,1.24,38.53,171,171,171
fabe1fc754.jpg,464.51,1078,1059,1.02,62.47,37,21,24
facd7777f0.jpg,31.24,800,704,1.14,42.54,38,34,36
fb2039def8.jpg,38.55,468,613,0.76,154.97,183,185,178
fb8e23a677.jpg,424.48,841,1190,0.71,89.64,36,46,60
fbaecd9bcd.jpg,19.07,460,354,1.3,147.29,58,59,61
fc3b05b0d4.jpg,36.85,700,513,1.36,137.55,129,93,86
fc3f21cfcc.jpg,259.45,1080,1113,0.97,47.58,36,29,22
fc5211b18e.jpg,261.82,1080,651,1.66,148.28,53,56,37
fc6ca45923.jpg,688.72,1080,1368,0.79,71.61,215,98,82
fc8e6eb935.jpg,365.83,1080,731,1.48,147.08,33,35,42
fcb365574c.jpg,128.86,1080,1349,0.8,83.83,212,212,217
fcd87d22c1.jpg,115.3,1080,1559,0.69,44.46,35,19,10
fce8162e21.jpg,95.03,526,482,1.09,135.42,207,173,171
fd423f72f8.jpg,58.06,1080,824,1.31,85.62,64,50,46
fd4f670d6d.jpg,63.92,721,960,0.75,118.02,60,41,29
fe1dda7fa3.jpg,36.58,720,578,1.25,124.52,21,15,16
fe4a5c7534.jpg,229.49,1080,873,1.24,196.48,233,234,233
fe80bc65d0.jpg,564.73,1080,1084,1.0,67.66,56,29,21
fec2f4f03e.jpg,104.89,768,960,0.8,100.15,57,58,42
ff6a24c69c.jpg,447.65,1080,1333,0.81,71.0,35,49,61
ff76e15758.jpg,41.33,720,651,1.11,117.49,154,121,85
ff96bcbf45.jpg,37.2,656,657,1.0,105.73,44,43,42
ff9900299b.jpg,40.57,750,541,1.39,144.91,187,130,80
ffd01efb1d.jpg,432.87,1080,1294,0.83,69.62,51,48,62
00f3083e34.jpg,473.33,1080,1061,1.02,56.83,35,23,21
